{
  "hauteur": 10, "largeur": 10,
  "debut": {
    "x":4, "y":5,
    "direction": "BAS"
  },
  "cases":[
    {
      "x": 1, "y": 0,
      "type": "BLOC"
    },
    {
      "x": 0, "y": 1,
      "type": "BLOC"
    },
    {
      "x": 1, "y": 1,
      "type": "BILLE"
    },
    {
      "x": 1, "y": 2,
      "type": "BLOC"
    },
    {
      "x": 2, "y": 1,
      "type": "CAISSE"
    },
    {
      "x": 3, "y": 5,
      "type": "BLOC"
    },
    {
      "x": 4, "y": 4,
      "type": "BLOC"
    },
    {
      "x": 4, "y": 6,
      "type": "BLOC"
    },
    {
      "x": 7, "y": 8,
      "type": "BLOC"
    },
    {
      "x": 8, "y": 7,
      "type": "BLOC"
    },
    {
      "x": 8, "y": 8,
      "type": "TROU"
    }
  ]
}
